Label,# Samples,Average,Median,90% Line,95% Line,99% Line,Min,Max,Error %,Throughput,Received KB/sec,Sent KB/sec
01 - Home Page,2000,27,24,50,63,115,2,277,0.000%,16.19066,125.46,4.24
02 - View All Donors,2000,83,81,153,172,242,7,688,0.000%,16.11058,93.77,4.31
03 - View All Donations,2000,90,88,158,187,264,9,380,0.000%,16.01461,167.97,4.33
04 - View Relief Projects,2000,94,92,162,185,267,11,381,0.000%,15.99232,179.66,4.40
05 - View Incident Reports,2000,62,57,119,137,221,3,364,0.000%,15.94566,135.30,8.92
06 - View Volunteer Assignments,2000,87,84,159,180,255,9,412,0.000%,15.91976,112.60,7.60
TOTAL,12000,74,65,147,169,242,2,688,0.000%,90.97112,770.99,32.03
